run_id,timestamp,model,epochs_set,epochs_run,batch,imgsz,optimizer,lr0,patience,val_mAP50,test_mAP50,test_mAP50_95,test_precision,test_recall,inference_ms,fps,status,notes
EXP-001,2026-09-26,yolo11n.pt,50,32,16,640,auto(SGD),0.01,15,64.10,70.40,49.82,49.97,87.43,6.1,164,COMPLETED,Baseline model. High recall (87.4%) but precision is ~50%. Early stop at epoch 32.
EXP-002,2026-09-29,yolo11s.pt,50,50,16,640,auto,0.01,15,63.78,49.72,42.37,46.92,77.36,6.3,158.0,COMPLETED,YOLO11s architecture scaling
EXP-003,2026-10-01,yolo11n.pt,60,49,16,640,AdamW,0.001,25,65.92,56.91,50.68,56.40,82.61,2.9,347.7,COMPLETED,Nano with AdamW lr0=0.001 and Cosine LR
EXP-004,2026-09-30,yolo11m.pt,50,45,16,640,auto(SGD),0.01,15,58.80,50.45,36.76,47.08,82.77,,,COMPLETED,YOLO11m architecture scaling. Severe overfit. Early stop at epoch 45 (best epoch 30).
EXP-005,2026-10-01,yolo11n.pt,70,68,16,640,auto(SGD),0.01,30,64.84,51.18,36.37,47.64,92.87,3.2,312.5,COMPLETED,Nano with extended patience 30 and 70 epochs. Record highest Recall 92.87%. Early stop at epoch 68 (best epoch 38).
EXP-006,2026-10-02,yolo11n.pt,70,70,16,640,AdamW,0.001,30,58.74,70.22,61.71,68.62,76.31,3.4,294.1,COMPLETED,The Hybrid: AdamW cos_lr patience 30 night augmentations cls 1.0. Record mAP50-95 61.71% precision 68.62% and 100% lying recall.
EXP-007,2026-10-02,yolo11n.pt,70,70,16,640,AdamW,0.0001,25,59.08,56.39,50.93,54.70,71.15,7.6,131.6,COMPLETED,Two-Stage Freeze: Stage 1 freeze 10 (25 ep), Stage 2 unfreeze lr0=0.0001 (45 ep). Lying recall 100% maintained, overall precision 54.70%.
EXP-008,2026-10-07,yolo11s.pt,70,70,16,800,AdamW,0.001,25,59.80,37.99,30.67,36.96,80.94,11.7,85.5,COMPLETED,YOLO11s scale-up with imgsz=800, cls=1.2, label_smoothing=0.05. Overfit on small dataset (924 imgs) & test mAP50 dropped to 37.99%. EXP-006 remains champion.
EXP-009,2026-10-08,yolo11n-pose.pt,N/A,N/A,1,640,Kinematic(GridSearch),N/A,N/A,N/A,N/A,N/A,38.44(Acc),0.0(Recall),15.3,65.4,COMPLETED,Kinematic Pose Estimation (17 keypoints). Optimal: fall_angle<20.0 trans_angle<60.0 ar>1.15. Zero false alarms on furniture live. Test benchmark revealed UR Fall annotation pathology (292/320 trans only 1 lying).
EXP-010,2026-10-09,yolo11n-pose.pt,N/A,N/A,1,640,TemporalKinematics,N/A,N/A,N/A,N/A,N/A,72.7(SeqAcc),80.0(SeqRecall),15.3,65.4,COMPLETED,Temporal Fall Dynamics (Vy=dy/dt & spine angle theta). Found static spine angle is scale-invariant (80% recall on fall videos) while monocular pixel velocity is sensitive to camera distance/perspective. Generated trajectory curves.